Constituency,MP,Winning party,Electorate,Valid votes,Majority,Majority (%),Con,Lab,LD
Bury North,James Daly,Con,68802,46841,105,0%,21660,21555,1584
Kensington,Felicity Buchan,Con,64609,43762,150,0%,16768,16618,9312
Bury South,Christian Wakeford,Con,75152,50274,402,1%,22034,21632,2315
Bolton North East,Mark Logan,Con,67564,43556,378,1%,19759,19381,1847
Moray,Douglas Ross,Con,71035,48825,513,1%,22112,2432,2269
High Peak,Robert Largan,Con,74265,54173,590,1%,24844,24254,2750
Wimbledon,Stephen Hammond,Con,68240,53027,628,1%,20373,12543,19745
Carshalton and Wallington,Elliot Colburn,Con,72941,49098,629,1%,20822,6081,20193
Gedling,Tom Randall,Con,71336,49953,679,1%,22718,22039,2279
Heywood and Middleton,Chris Clarkson,Con,80162,47488,663,1%,20453,19790,2073
West Aberdeenshire and Kincardine,Andrew Bowie,Con,72640,53345,843,2%,22752,2431,6253
Cheltenham,Alex Chalk,Con,81044,59357,981,2%,28486,2921,27505
Winchester,Stephen Brine,Con,75582,58890,985,2%,28430,2723,27445
Blyth Valley,Ian Levy,Con,64429,40859,712,2%,17440,16728,2151
Stoke-On-Trent Central,Jo Gideon,Con,55419,32070,670,2%,14557,13887,1116
Chipping Barnet,Theresa Villiers,Con,79960,57569,1212,2%,25745,24533,5932
Delyn,Rob Roberts,Con,54560,38370,865,2%,16756,15891,2346
North West Durham,Richard Holden,Con,72166,47663,1144,2%,19990,18846,2831
Chingford and Woodford Green,Iain Duncan Smith,Con,65393,48444,1262,3%,23481,22219,2744
Bridgend,Jamie Wallis,Con,63303,42236,1157,3%,18193,17036,2368
Dewsbury,Mark Eastwood,Con,81253,56389,1561,3%,26179,24618,2406
Warrington South,Andy Carter,Con,86015,61899,2010,3%,28187,26177,5732
Clwyd South,Simon Baynes,Con,53919,36306,1239,3%,16222,14983,1496
Burnley,Antony Higginbotham,Con,64345,38984,1352,3%,15720,14368,3501
Dumfries and Galloway,Alister Jack,Con,74580,51429,1805,4%,22678,4745,3133
"Birmingham, Northfield",Gary Sambrook,Con,73694,43098,1640,4%,19957,18317,1961
Wolverhampton South West,Stuart Anderson,Con,60534,41136,1661,4%,19864,18203,2041
Cheadle,Mary Robinson,Con,74577,55903,2336,4%,25694,6851,23358
Leigh,James Grundy,Con,77417,46979,1965,4%,21266,19301,2252
Keighley,Robbie Moore,Con,72778,52600,2218,4%,25298,23080,2573
South Cambridgeshire,Anthony Browne,Con,87288,66929,2904,4%,31015,7803,28111
Esher and Walton,Dominic Raab,Con,81184,63084,2743,4%,31132,2838,28389
West Bromwich East,Nicola Richards,Con,62046,35975,1593,4%,16804,15211,1313
Lewes,Maria Caulfield,Con,71503,54851,2457,4%,26268,3206,23811
Vale Of Clwyd,James Davies,Con,56649,37213,1827,5%,17270,15443,1471
Ynys Môn,Virginia Crosbie,Con,51925,36552,1968,5%,12959,10991,0
Peterborough,Paul Bristow,Con,72560,47801,2580,5%,22334,19754,2334
Derby North,Amanda Solloway,Con,73199,47017,2540,5%,21259,18719,3450
Guildford,Angela Richardson,Con,77729,58651,3337,6%,26317,4515,22980
Stroud,Siobhan Baillie,Con,84537,65930,3840,6%,31582,27742,0
Wrexham,Sarah Atherton,Con,49737,33532,2131,6%,15199,13068,1447
Aberconwy,Robin Millar,Con,44699,31865,2034,6%,14687,12653,1821
Pudsey,Stuart Andrew,Con,73212,54215,3517,6%,26453,22936,3088
Vale Of Glamorgan,Alun Cairns,Con,76508,54807,3562,6%,27305,23743,0
Lincoln,Karl McCartney,Con,74942,50629,3514,7%,24267,20753,2422
Hyndburn,Sara Britcliffe,Con,70842,42406,2951,7%,20565,17614,1226
Hastings and Rye,Sally-Ann Hart,Con,80524,54274,4043,7%,26896,22853,3960
Wakefield,Imran Ahmad Khan,Con,70192,45027,3358,7%,21283,17925,1772
Darlington,Peter Gibson,Con,66397,43498,3294,8%,20901,17607,2097
Watford,Dean Russell,Con,83359,58065,4433,8%,26421,21988,9323
Hendon,Matthew Offord,Con,82661,55075,4230,8%,26878,22648,4628
"Dumfriesshire, Clydesdale and Tweeddale",David Mundell,Con,68330,49153,3781,8%,22611,4172,3540
Wycombe,Steve Baker,Con,78093,54756,4214,8%,24766,20552,6543
Truro and Falmouth,Cherilyn Mackrory,Con,76719,59190,4561,8%,27237,22676,7150
Eastbourne,Caroline Ansell,Con,79307,55134,4331,8%,26951,3848,22620
Don Valley,Nick Fletcher,Con,75356,45437,3630,8%,19609,15979,1907
Reading West,Alok Sharma,Con,74137,50392,4117,8%,24393,20276,4460
St Ives,Derek Thomas,Con,68795,51413,4280,8%,25365,3553,21085
Colne Valley,Jason McCartney,Con,84174,60892,5103,8%,29482,24379,3815
Southport,Damien Moore,Con,70837,48180,4147,9%,22914,18767,6499
Redcar,Jacob Young,Con,65864,40842,3527,9%,18811,15284,2018
Cities Of London and Westminster,Nickie Aiken,Con,63700,42723,3953,9%,17049,11624,13096
"Southampton, Itchen",Royston Smith,Con,72299,47421,4498,9%,23952,19454,2503
Stockton South,Matt Vickers,Con,76870,54802,5260,10%,27764,22504,2338
Broxtowe,Darren Henry,Con,73052,55272,5331,10%,26602,21271,0
"Berwickshire, Roxburgh and Selkirk",John Lamont,Con,74518,53146,5148,10%,25747,2513,4287
Banff and Buchan,David Duguid,Con,66655,42260,4118,10%,21182,1734,2280
Calder Valley,Craig Whittaker,Con,79287,57793,5774,10%,29981,24207,2884
Hazel Grove,William Wragg,Con,63346,44269,4423,10%,21592,5508,17169
Milton Keynes North,Ben Everitt,Con,91545,62543,6255,10%,30938,24683,4991
Workington,Mark Jenkinson,Con,61370,41599,4176,10%,20488,16312,1525
Norwich North,Chloe Smith,Con,67172,46285,4738,10%,23397,18659,2663
East Devon,Simon Jupp,Con,87168,64073,6708,10%,32577,2870,1771
Filton and Bradley Stoke,Jack Lopresti,Con,74016,53752,5646,11%,26293,20647,4992
Milton Keynes South,Iain Stewart,Con,96363,64007,6944,11%,32011,25067,4688
Sedgefield,Paul Howell,Con,64325,41566,4513,11%,19609,15096,1955
West Bromwich West,Shaun Bailey,Con,64517,34459,3799,11%,17419,13620,915
Ipswich,Tom Hunt,Con,75525,49579,5479,11%,24952,19473,2439
Altrincham and Sale West,Graham Brady,Con,73107,54763,6139,11%,26311,20172,6036
Blackpool South,Scott Benton,Con,57690,32752,3690,11%,16247,12557,1008
Northampton South,Andrew Lewer,Con,62163,40835,4697,12%,20914,16217,2482
Bolsover,Mark Fletcher,Con,74292,45938,5299,12%,21791,16492,1759
Shipley,Philip Davies,Con,74029,54004,6242,12%,27437,21195,3188
Ashfield,Lee Anderson,Con,78204,48980,5733,12%,19231,11971,1105
Hitchin and Harpenden,Bim Afolami,Con,76323,58871,6895,12%,27719,9959,20824
Wolverhampton North East,Jane Stevenson,Con,61660,34281,4080,12%,17722,13642,960
Finchley and Golders Green,Mike Freer,Con,77573,55109,6562,12%,24162,13347,17600
Wokingham,John Redwood,Con,83953,61997,7383,12%,30734,6450,23351
Preseli Pembrokeshire,Stephen Crabb,Con,59606,42419,5062,12%,21381,16319,1943
Barrow and Furness,Simon Fell,Con,70158,46046,5789,13%,23876,18087,2025
Rushcliffe,Ruth Edwards,Con,77047,60505,7643,13%,28765,21122,9600
Rother Valley,Alexander Stafford,Con,74804,48698,6318,13%,21970,15652,2553
South Swindon,Robert Buckland,Con,73118,50746,6625,13%,26536,19911,4299
Loughborough,Jane Hunt,Con,79764,54631,7169,13%,27954,20785,4153
Worcester,Robin Walker,Con,73485,50898,6758,13%,25856,19098,3666
Copeland,Trudy Harrison,Con,61693,42523,5842,14%,22856,17014,1888
Pendle,Andrew Stephenson,Con,65292,44460,6186,14%,24076,17890,1548
Northampton North,Michael Ellis,Con,58768,39539,5507,14%,21031,15524,2031
Morecambe and Lunesdale,David Morris,Con,67397,45310,6354,14%,23925,17571,2328
East Worthing and Shoreham,Tim Loughton,Con,75194,53128,7474,14%,27107,19633,4127
Penistone and Stocksbridge,Miriam Cates,Con,70925,49520,7210,15%,23688,16478,5054
South West Surrey,Jeremy Hunt,Con,79096,60340,8817,15%,32191,4775,23374
Uxbridge and South Ruislip,Boris Johnson,Con,70365,48187,7210,15%,25351,18141,3026
Stoke-On-Trent North,Jonathan Gullis,Con,68298,40134,6286,16%,20974,14688,1268
Crewe and Nantwich,Kieran Mullan,Con,80321,54032,8508,16%,28704,20196,2618
Wells,James Heappey,Con,81898,61628,9991,16%,33336,4304,23345
Harrow East,Bob Blackman,Con,72106,49491,8170,17%,26935,18765,3791
Sutton and Cheam,Paul Scully,Con,71779,50487,8351,17%,25235,7200,16884
Newcastle-Under-Lyme,Aaron Bell,Con,68211,44739,7446,17%,23485,16039,2361
Crawley,Henry Smith,Con,74207,49899,8360,17%,27040,18680,2728
Clwyd West,David Jones,Con,57714,40203,6747,17%,20403,13656,2237
Corby,Tom Pursglove,Con,86153,60475,10268,17%,33410,23142,3923
Harrogate and Knaresborough,Andrew Jones,Con,77941,56937,9675,17%,29962,5480,20287
Scunthorpe,Holly Mumby-Croft,Con,61955,37750,6451,17%,20306,13855,875
Brecon and Radnorshire,Fay Jones,Con,55490,41319,7131,17%,21958,3944,14827
Camborne and Redruth,George Eustice,Con,70250,50367,8700,17%,26764,18064,3504
Colchester,Will Quince,Con,82625,53373,9423,18%,26917,17494,7432
Bishop Auckland,Dehenna Davison,Con,68170,44805,7962,18%,24067,16105,2133
South East Cambridgeshire,Lucy Frazer,Con,86769,64385,11490,18%,32187,10492,20697
Bournemouth East,Tobias Ellwood,Con,74125,49274,8806,18%,24926,16120,5418
Stevenage,Stephen McPartland,Con,71562,47683,8562,18%,25328,16766,4132
Bolton West,Chris Green,Con,73191,49298,8855,18%,27255,18400,2704
York Outer,Julian Sturdy,Con,74673,55347,9985,18%,27324,17339,9992
Woking,Jonathan Lord,Con,75424,53937,9767,18%,26396,8827,16629
Taunton Deane,Rebecca Pow,Con,88676,63733,11700,18%,34164,4715,22464
Carmarthen West and South Pembrokeshire,Simon Hart,Con,59158,42114,7745,18%,22183,14438,1860
Wantage,David Johnston,Con,90867,67173,12653,19%,34085,10181,21432
Shrewsbury and Atcham,Daniel Kawczynski,Con,82238,59065,11217,19%,31021,19804,5906
Gloucester,Richard Graham,Con,81319,53764,10277,19%,29159,18882,4338
Carlisle,John Stevenson,Con,65105,42873,8319,19%,23659,15340,2829
Rossendale and Darwen,Jake Berry,Con,72770,48822,9522,20%,27570,18048,2011
Chippenham,Michelle Donelan,Con,77221,57099,11288,20%,30994,6399,19706
Monmouth,David T. C. Davies,Con,67098,50217,9982,20%,26160,16178,4909
Macclesfield,David Rutley,Con,76216,53867,10711,20%,28292,17581,5684
Scarborough and Whitby,Robert Goodwill,Con,74404,49724,10270,21%,27593,17323,3038
Croydon South,Chris Philp,Con,83982,59358,12339,21%,30985,18646,7503
South Ribble,Katherine Fletcher,Con,75351,53784,11199,21%,30028,18829,3720
Welwyn Hatfield,Grant Shapps,Con,74892,52053,10955,21%,27394,16439,6602
Mole Valley,Paul Beresford,Con,74665,57110,12041,21%,31656,2965,19615
Romsey and Southampton North,Caroline Nokes,Con,68228,51390,10872,21%,27862,5898,16990
Morley and Outwood,Andrea Jenkyns,Con,78803,51930,11267,22%,29424,18157,2285
Erewash,Maggie Throup,Con,72523,48814,10606,22%,27560,16954,2487
South Thanet,Craig Mackinlay,Con,73223,48257,10587,22%,27084,16497,2727
Bournemouth West,Conor Burns,Con,74205,45977,10150,22%,24550,14400,4931
Blackpool North and Cleveleys,Paul Maynard,Con,63692,38804,8596,22%,22364,13768,1494
Great Grimsby,Lia Nici,Con,61409,33087,7331,22%,18150,10819,1070
Kingswood,Chris Skidmore,Con,68972,49314,11220,23%,27712,16492,3421
Hexham,Guy Opperman,Con,61324,46150,10549,23%,25152,14603,4672
West Dorset,Chris Loder,Con,81897,60925,14106,23%,33589,5729,19483
South West Hertfordshire,Gagan Mohindra,Con,80499,61191,14408,24%,30327,7228,6251
Thornbury and Yate,Luke Hall,Con,69492,52243,12369,24%,30202,4208,17833
Bromley and Chislehurst,Robert Neill,Con,66697,45566,10891,24%,23958,13067,6621
Henley,John Howell,Con,76646,58759,14053,24%,32189,5698,18136
Chelsea and Fulham,Greg Hands,Con,67110,46821,11241,24%,23345,10872,12104
Thurrock,Jacqueline Doyle-Price,Con,79659,47467,11482,24%,27795,16313,1510
Dover,Natalie Elphicke,Con,76355,50701,12278,24%,28830,16552,2895
Middlesbrough South and East Cleveland,Simon Clarke,Con,72348,47817,11626,24%,28135,16509,1953
Totnes,Anthony Mangnall,Con,69863,52182,12724,24%,27751,8860,15027
Witney,Robert Courts,Con,83845,61305,15177,25%,33856,8770,18679
Telford,Lucy Allan,Con,68921,42825,10941,26%,25546,14605,2674
Basingstoke,Maria Miller,Con,82928,54713,14198,26%,29593,15395,6841
North East Somerset,Jacob Rees-Mogg,Con,73692,56308,14729,26%,28360,13631,12422
North East Derbyshire,Lee Rowley,Con,72345,49217,12876,26%,28897,16021,3021
Rugby,Mark Pawsey,Con,72292,50814,13447,26%,29255,15808,4207
Eastleigh,Paul Holmes,Con,83880,58971,15607,26%,32690,7559,17083
Rochford and Southend East,James Duddridge,Con,75624,46136,12286,27%,27063,14777,2822
North Devon,Selaine Saxby,Con,75859,55581,14813,27%,31479,5097,16666
Banbury,Victoria Prentis,Con,90116,62921,16813,27%,34148,17335,8831
Newbury,Laura Farris,Con,83414,59998,16047,27%,34431,4404,18384
Tunbridge Wells,Gregory Clark,Con,74823,54650,14645,27%,30119,8098,15474
Worthing West,Peter Bottomley,Con,78585,54648,14823,27%,30475,15652,6024
Beaconsfield,Joy Morrissey,Con,77720,57868,15712,27%,32477,5756,0
Yeovil,Marcus Fysh,Con,82468,59260,16181,27%,34588,3761,18407
Bassetlaw,Brendan Clarke-Smith,Con,80024,50841,14013,28%,28078,14065,3332
Stafford,Theo Clarke,Con,72572,51149,14377,28%,29992,15615,3175
Beckenham,Bob Stewart,Con,68662,50555,14258,28%,27282,13024,8194
North Somerset,Liam Fox,Con,80194,62055,17536,28%,32801,15265,11051
North Norfolk,Duncan Baker,Con,70729,50823,14395,28%,29792,3895,15397
Hemel Hempstead,Mike Penning,Con,74035,51271,14563,28%,28968,14405,6317
Stoke-On-Trent South,Jack Brereton,Con,64491,39604,11271,28%,24632,13361,1611
Halesowen and Rowley Regis,James Morris,Con,68300,42345,12074,29%,25607,13533,1738
North Cornwall,Scott Mann,Con,69935,51678,14752,29%,30671,4516,15919
Aylesbury,Rob Butler,Con,86665,60576,17373,29%,32737,15364,10081
Mid Sussex,Mims Davies,Con,85146,62762,18197,29%,33455,11218,15258
Nuneaton,Marcus Jones,Con,70226,45190,13144,29%,27390,14246,1862
Chesham and Amersham,Cheryl Gillan,Con,72542,55685,16223,29%,30850,7166,14627
"Plymouth, Moor View",Johnny Mercer,Con,69430,44239,12897,29%,26831,13934,2301
North Swindon,Justin Tomlinson,Con,82441,55115,16171,29%,32584,16413,4408
Somerton and Frome,David Warburton,Con,85866,64896,19213,30%,36230,8354,17017
St Austell and Newquay,Steve Double,Con,79930,55776,16526,30%,31273,14747,5861
Stourbridge,Suzanne Webb,Con,69891,45689,13571,30%,27534,13963,2523
Burton,Kate Griffiths,Con,75036,48738,14496,30%,29560,15064,2681
Elmet and Rothwell,Alec Shelbrooke,Con,80957,58225,17353,30%,33726,16373,5155
Epsom and Ewell,Chris Grayling,Con,81138,59451,17873,30%,31819,10226,13946
Harborough,Neil O'Brien,Con,80151,57319,17278,30%,31698,14420,9103
Bexleyheath and Crayford,David Evennett,Con,65466,43246,13103,30%,25856,12753,2819
Mid Dorset and North Poole,Michael Tomlinson,Con,65427,48930,14898,30%,29548,3402,14650
Central Devon,Mel Stride,Con,74296,58072,17721,31%,32095,14374,8770
Sherwood,Mark Spencer,Con,77888,52709,16186,31%,32049,15863,2883
Weston-Super-Mare,John Penrose,Con,82526,55614,17121,31%,31983,14862,6935
Forest Of Dean,Mark Harper,Con,71438,51475,15869,31%,30680,14811,0
Chelmsford,Vicky Ford,Con,80394,57122,17621,31%,31934,10295,14313
"Ruislip, Northwood and Pinner",David Simmonds,Con,72816,52904,16394,31%,29391,12997,7986
Southend West,David Amess,Con,69043,46537,14459,31%,27555,13096,5312
Mid Derbyshire,Pauline Latham,Con,67442,49356,15385,31%,29027,13642,4756
Surrey Heath,Michael Gove,Con,81349,58654,18349,31%,34358,5407,16009
Dudley North,Marco Longhi,Con,61936,36684,11533,31%,23134,11601,1210
Wyre and Preston North,Ben Wallace,Con,74775,52924,16781,32%,31589,14808,4463
Isle Of Wight,Bob Seely,Con,113021,74442,23737,32%,41815,18078,0
Buckingham,Greg Smith,Con,83146,63458,20411,32%,37035,7638,16624
North Wiltshire,James Gray,Con,73280,54758,17626,32%,32373,5699,14747
Congleton,Fiona Bruce,Con,80930,57233,18561,32%,33747,15186,6026
Harlow,Robert Halfon,Con,68078,43354,14063,32%,27510,13447,2397
Hertford and Stortford,Julie Marson,Con,81765,60094,19620,33%,33712,14092,8596
Walsall North,Eddie Hughes,Con,67177,36556,11965,33%,23334,11369,1236
Gravesham,Adam Holloway,Con,73242,47560,15581,33%,29580,13999,2584
Huntingdon,Jonathan Djanogly,Con,84657,59147,19383,33%,32386,13003,9432
North East Hertfordshire,Oliver Heald,Con,76123,55327,18189,33%,31293,13104,8563
Rochester and Strood,Kelly Tolhurst,Con,82056,51926,17072,33%,31151,14079,3717
Gillingham and Rainham,Rehman Chishti,Con,73549,45958,15119,33%,28173,13054,2503
The Cotswolds,Geoffrey Clifton-Brown,Con,81939,61176,20214,33%,35484,7110,15270
Mansfield,Ben Bradley,Con,77131,49273,16306,33%,31484,15178,1626
Newton Abbot,Anne Marie Morris,Con,72529,52556,17501,33%,29190,9329,11689
Ribble Valley,Nigel Evans,Con,79247,55284,18439,33%,33346,14907,4776
Maidenhead,Theresa May,Con,76668,56492,18846,33%,32620,7882,13774
Horsham,Jeremy Quin,Con,86730,63242,21127,33%,35900,9424,14773
South Dorset,Richard Drax,Con,73809,51058,17153,34%,30024,12871,5432
Kettering,Philip Hollobone,Con,73164,49361,16765,34%,29787,13022,3367
South Norfolk,Richard Bacon,Con,86214,62484,21275,34%,36258,14983,8744
North East Hampshire,Ranil Jayawardena,Con,78954,59270,20211,34%,35280,5760,15069
Runnymede and Weybridge,Ben Spencer,Con,77196,53289,18270,34%,29262,10992,9236
Portsmouth North,Penny Mordaunt,Con,71299,45910,15780,34%,28172,12392,3419
Reigate,Crispin Blunt,Con,74242,53156,18310,34%,28665,10355,10320
East Hampshire,Damian Hinds,Con,76478,56895,19696,35%,33446,6287,13750
Derbyshire Dales,Sarah Dines,Con,65080,50016,17381,35%,29356,11975,6627
Eddisbury,Edward Timpson,Con,73700,52971,18443,35%,30095,11652,9582
Aldershot,Leo Docherty,Con,72617,47932,16698,35%,27980,11282,6920
South West Bedfordshire,Andrew Selous,Con,79926,53307,18583,35%,32212,13629,5435
Chichester,Gillian Keegan,Con,85499,61243,21490,35%,35402,9069,13912
Torbay,Kevin Foster,Con,75054,50426,17749,35%,29863,6562,12114
Waveney,Peter Aldous,Con,82791,51129,18002,35%,31778,13776,2603
Suffolk Coastal,Thérèse Coffey,Con,81910,58308,20533,35%,32958,12425,8719
Berwick-Upon-Tweed,Anne-Marie Trevelyan,Con,59939,42109,14835,35%,23947,9112,7656
Dartford,Gareth Johnson,Con,82209,54023,19160,35%,34006,14846,3736
Montgomeryshire,Craig Williams,Con,48997,34214,12138,35%,20020,5585,7882
Tatton,Esther McVey,Con,69018,48967,17387,36%,28277,10890,7712
Fylde,Mark Menzies,Con,66847,46659,16611,36%,28432,11821,3748
North Thanet,Roger Gale,Con,72756,48178,17189,36%,30066,12877,3439
Selby and Ainsty,Nigel Adams,Con,78398,56418,20137,36%,33995,13858,4842
Wellingborough,Peter Bone,Con,80765,51913,18540,36%,32277,13737,4078
Folkestone and Hythe,Damian Collins,Con,88272,59005,21337,36%,35483,14146,5755
South Derbyshire,Heather Wheeler,Con,79331,53381,19335,36%,33502,14167,3924
Stratford-On-Avon,Nadhim Zahawi,Con,74037,55048,19972,36%,33343,6222,13371
Redditch,Rachel Maclean,Con,65391,44067,16036,36%,27907,11871,2905
Bracknell,James Sunderland,Con,78978,54350,19829,36%,31894,12065,7749
Tewkesbury,Laurence Robertson,Con,83958,61140,22410,37%,35728,9310,13318
Arundel and South Downs,Andrew Griffith,Con,81726,61408,22521,37%,35566,9722,13045
Salisbury,John Glen,Con,74556,53730,19736,37%,30280,9675,10544
Sutton Coldfield,Andrew Mitchell,Con,75638,52325,19272,37%,31604,12332,6358
Amber Valley,Nigel Mills,Con,69976,45567,16886,37%,29096,12210,2873
Spelthorne,Kwasi Kwarteng,Con,70929,49510,18393,37%,29141,10748,7499
North East Bedfordshire,Richard Fuller,Con,90678,65018,24283,37%,38443,14160,7999
Windsor,Adam Afriyie,Con,75038,53750,20079,37%,31501,8147,11422
Staffordshire Moorlands,Karen Bradley,Con,65485,43656,16428,38%,28192,11764,2469
Romford,Andrew Rosindell,Con,72350,47231,17893,38%,30494,12601,2708
Poole,Robert Syms,Con,73989,50451,19116,38%,29599,10483,7819
North West Leicestershire,Andrew Bridgen,Con,78935,53821,20400,38%,33811,13411,3614
Mid Bedfordshire,Nadine Dorries,Con,87795,64717,24664,38%,38692,14028,8171
Beverley and Holderness,Graham Stuart,Con,79696,53542,20448,38%,33250,12802,4671
The Wrekin,Mark Pritchard,Con,70693,48890,18726,38%,31029,12303,4067
Broadland,Jerome Mayhew,Con,78151,56977,21861,38%,33934,12073,9195
Solihull,Julian Knight,Con,78760,55344,21273,38%,32309,11036,9977
Kenilworth and Southam,Jeremy Wright,Con,68154,52597,20353,39%,30351,9440,9998
Penrith and The Border,Neil Hudson,Con,67555,47824,18519,39%,28875,10356,5364
Harwich and North Essex,Bernard Jenkin,Con,74153,51963,20182,39%,31830,11648,5866
South East Cornwall,Sheryll Murray,Con,71825,53655,20971,39%,31807,10836,8650
North Warwickshire,Craig Tracey,Con,70271,45914,17956,39%,30249,12293,2069
South West Wiltshire,Andrew Murrison,Con,77969,54895,21630,39%,33038,11408,8015
Hereford and South Herefordshire,Jesse Norman,Con,72085,49646,19686,40%,30390,10704,6181
Newark,Robert Jenrick,Con,75850,54762,21816,40%,34660,12844,5308
Ashford,Damian Green,Con,89553,60059,24029,40%,37270,13241,6048
Stone,William Cash,Con,69378,49843,19945,40%,31687,11742,4412
South West Devon,Gary Streeter,Con,72535,53367,21430,40%,33286,11856,6207
Mid Norfolk,George Freeman,Con,82203,56186,22594,40%,35051,12457,7739
North West Cambridgeshire,Shailesh Vara,Con,94909,64533,25983,40%,40307,14324,6881
East Surrey,Claire Coutinho,Con,83148,59690,24040,40%,35624,8247,11584
Bury St Edmunds,Jo Churchill,Con,89644,61957,24988,40%,37770,12782,0
Skipton and Ripon,Julian Smith,Con,78347,58724,23694,40%,34919,11225,8701
Charnwood,Edward Argar,Con,79534,55365,22397,40%,35121,12724,4856
North Shropshire,Owen Paterson,Con,83258,56513,22949,41%,35444,12495,5643
Great Yarmouth,Brandon Lewis,Con,71957,43462,17663,41%,28593,10930,1661
Tiverton and Honiton,Neil Parish,Con,82953,59613,24239,41%,35893,11654,8807
Hertsmere,Oliver Dowden,Con,73971,52203,21313,41%,32651,11338,6561
Haltemprice and Howden,David Davis,Con,71083,49779,20329,41%,31045,10716,5215
Sevenoaks,Laura Trott,Con,71757,50956,20818,41%,30932,6946,10114
Old Bexley and Sidcup,James Brokenshire,Con,66104,46145,18952,41%,29786,10834,3822
South Northamptonshire,Andrea Leadsom,Con,90842,66908,27761,41%,41755,13994,7891
Central Suffolk and North Ipswich,Dan Poulter,Con,80037,56250,23391,42%,35253,11862,6485
South Leicestershire,Alberto Costa,Con,80520,57469,24004,42%,36791,12787,5452
Torridge and West Devon,Geoffrey Cox,Con,80403,59730,24992,42%,35904,10290,10912
Wealden,Nusrat Ghani,Con,82998,60907,25655,42%,37043,9377,11388
Maidstone and The Weald,Helen Grant,Con,76109,51680,21772,42%,31220,9448,8482
Meriden,Saqib Bhatti,Con,85368,54161,22836,42%,34358,11522,5614
Wyre Forest,Mark Garnier,Con,78077,50561,21413,42%,32960,11547,4081
Bridgwater and West Somerset,Ian Liddell-Grainger,Con,85327,57652,24439,42%,35827,11388,7805
Broxbourne,Charles Walker,Con,73182,46706,19807,42%,30631,10824,3970
Dudley South,Mike Wood,Con,60731,36576,15565,43%,24835,9270,1608
Bromsgrove,Sajid Javid,Con,75078,54272,23106,43%,34408,11302,6779
West Worcestershire,Harriett Baldwin,Con,76241,57530,24499,43%,34909,9496,10410
Tamworth,Christopher Pincher,Con,71572,46056,19634,43%,30542,10908,2426
North West Norfolk,James Wild,Con,72080,46602,19922,43%,30627,10705,3625
Chatham and Aylesford,Tracey Crouch,Con,71642,43340,18540,43%,28856,10316,2866
South Suffolk,James Cartlidge,Con,76201,53489,22897,43%,33270,10373,6702
Cannock Chase,Amanda Milling,Con,74813,46313,19879,43%,31636,11757,0
Meon Valley,Flick Drummond,Con,75737,54829,23555,43%,35271,5644,11716
East Yorkshire,Greg Knight,Con,80923,52769,22787,43%,33988,11201,4219
Hornchurch and Upminster,Julia Lopez,Con,80765,53974,23308,43%,35495,12187,3862
North Dorset,Simon Hoare,Con,76765,56107,24301,43%,35705,6737,11404
Faversham and Mid Kent,Helen Whately,Con,73403,50394,21976,44%,31864,9888,6170
Saffron Walden,Kemi Badenoch,Con,87017,63086,27594,44%,39714,8305,12120
Lichfield,Michael Fabricant,Con,76616,53993,23638,44%,34844,11206,5632
Bognor Regis and Littlehampton,Nick Gibb,Con,77446,51223,22503,44%,32521,10018,5645
South Basildon and East Thurrock,Stephen Metcalfe,Con,74441,45297,19922,44%,29973,10051,1957
Bexhill and Battle,Huw Merriman,Con,81963,59093,26059,44%,37590,11531,7280
Epping Forest,Eleanor Laing,Con,74304,50268,22173,44%,32364,10191,5387
Thirsk and Malton,Kevin Hollinrake,Con,80991,56588,25154,44%,35634,10480,6774
North West Hampshire,Kit Malthouse,Con,83083,58918,26308,45%,36591,9327,10283
Gainsborough,Edward Leigh,Con,76343,51046,22967,45%,33893,10926,5157
West Suffolk,Matthew Hancock,Con,80193,51437,23194,45%,33842,10648,4685
Daventry,Chris Heaton-Harris,Con,77423,57403,26080,45%,37055,10975,7032
Fareham,Suella Braverman,Con,78337,57250,26086,46%,36459,10373,8006
Orpington,Gareth Bacon,Con,68877,48721,22378,46%,30882,8504,7552
Rutland and Melton,Alicia Kearns,Con,82705,58310,26924,46%,36507,9583,7970
Cleethorpes,Martin Vickers,Con,73689,46339,21418,46%,31969,10551,2535
Basildon and Billericay,John Baron,Con,69906,44128,20412,46%,29590,9178,3741
Grantham and Stamford,Gareth Davies,Con,81502,56003,26003,46%,36794,10791,6153
Bosworth,Luke Evans,Con,81542,56432,26278,47%,36056,9778,9096
Ludlow,Philip Dunne,Con,69444,50225,23648,47%,32185,7591,8537
Devizes,Danny Kruger,Con,73372,50954,23993,47%,32150,7838,8157
Richmond (Yorks),Rishi Sunak,Con,82569,57703,27210,47%,36693,9483,6989
Tonbridge and Malling,Thomas Tugendhat,Con,79278,57003,26941,47%,35784,8286,8843
Christchurch,Christopher Chope,Con,71520,51951,24617,47%,33894,6568,9277
Havant,Alan Mak,Con,72103,45959,21792,47%,30051,8259,5708
Sittingbourne and Sheppey,Gordon Henderson,Con,83917,51394,24479,48%,34742,10263,3213
Gosport,Caroline Dinenage,Con,73541,48453,23278,48%,32226,8948,5473
New Forest West,Desmond Swayne,Con,70869,50306,24403,49%,32113,6595,7710
North Herefordshire,Bill Wiggin,Con,70252,51033,24856,49%,32158,6804,7302
Witham,Priti Patel,Con,70402,49344,24082,49%,32876,8794,4584
Braintree,James Cleverly,Con,75208,50499,24673,49%,34112,9439,4779
Sleaford and North Hykeham,Caroline Johnson,Con,94761,66554,32565,49%,44683,12118,5355
New Forest East,Julian Lewis,Con,73549,50786,25251,50%,32769,7518,7390
Mid Worcestershire,Nigel Huddleston,Con,78220,56123,28018,50%,37426,9408,6474
Aldridge-Brownhills,Wendy Morton,Con,60138,39342,19836,50%,27850,8014,2371
Brigg and Goole,Andrew Percy,Con,65939,43402,21941,51%,30941,9000,2180
South West Norfolk,Elizabeth Truss,Con,78455,51466,26195,51%,35507,9312,4166
Brentwood and Ongar,Alex Burghart,Con,75255,52949,29065,55%,36308,7243,7187
Louth and Horncastle,Victoria Atkins,Con,79634,52332,28868,55%,38021,9153,4114
Rayleigh and Wickford,Mark Francois,Con,78930,54901,31000,56%,39864,8864,4171
South Staffordshire,Gavin Williamson,Con,73668,50005,28250,56%,36520,8270,3280
North East Cambridgeshire,Stephen Barclay,Con,83699,52964,29993,57%,38423,8430,4298
Clacton,Giles Watling,Con,70930,43506,24702,57%,31438,6736,2541
Maldon,John Whittingdale,Con,72438,50408,30041,60%,36304,6263,5990
Castle Point,Rebecca Harris,Con,69608,44277,26634,60%,33971,7337,2969
Boston and Skegness,Matt Warman,Con,69381,41696,25621,61%,31963,6342,1963
South Holland and The Deepings,John Hayes,Con,75975,49179,30838,63%,37338,6500,3225